"BASE","COUNTER","EXCHANGE","DATE","CLOSE","VOLUME","ATR","AMOUNT","TOTAL","DIRECTION","STOP","H_L"
"ABY","BTC","TREX","1506211200","0.00000191","45","0.00000023","69395.75","0.14","LONG","0.00000146","25"
"AEON","BTC","TREX","1506211200","0.00024459","17","0.00003755","425.14","0.11","LONG","0.00016951","25"
"AGRS","BTC","TREX","1506211200","0.00009540","8","0.00001091","1463.20","0.14","LONG","0.00007359","25"
"BELA","BTC","POLO","1506211200","0.00004156","36","0.00000528","3027.88","0.13","LONG","0.00003102","25"
"BSD","BTC","TREX","1506211200","0.00010702","21","0.00001238","1289.41","0.14","LONG","0.00008227","25"
"CLAM","BTC","POLO","1506211200","0.00216","274","0.00014533","109.83","0.24","LONG","0.00186935","25"
"CLAM","BTC","TREX","1506211200","0.00216501","37","0.00028262","56.48","0.13","LONG","0.00159979","25"
"CLUB","BTC","TREX","1506211200","0.00011624","4","0.00000956","1670.82","0.20","LONG","0.00009714","25"
"DASH","BTC","POLO","1506211200","0.09195965","2340","0.00591295","2.70","0.25","LONG","0.08013375","25"
"DASH","BTC","TREX","1506211200","0.09190500","920","0.00660710","2.42","0.23","LONG","0.07869081","25"
"DASH","ETH","TREX","1506211200","1.19382927","1226","0.09447180","0.17","0.21","LONG","1.00488567","25"
"DASH","XMR","POLO","1506211200","3.73498289","86","0.36236220","0.05","0.17","LONG","3.01025849","25"
"DCR","BTC","POLO","1506211200","0.0091924","80","0.00105314","15.16","0.14","LONG","0.00708613","25"
"DCR","BTC","TREX","1506211200","0.00929926","262","0.00106549","14.98","0.14","LONG","0.00716830","25"
"DMD","BTC","TREX","1506211200","0.00230000","82","0.00024146","66.11","0.16","LONG","0.00181710","25"
"EBST","BTC","TREX","1506211200","0.00004720","564","0.00001017","1569.53","0.08","LONG","0.00002687","25"
"EMC2","BTC","POLO","1506211200","0.00001727","38","0.00000221","7247.13","0.13","LONG","0.00001287","25"
"EMC2","BTC","TREX","1506211200","0.00001735","147","0.00000215","7424.07","0.13","LONG","0.00001306","25"
"FAIR","BTC","TREX","1506211200","0.00019083","2","0.00001757","908.54","0.18","LONG","0.00015570","25"
"GBG","BTC","TREX","1506211200","0.00003291","106","0.00000542","2948.37","0.10","LONG","0.00002209","25"
"HMQ","ETH","TREX","1506211200","0.00043233","86","0.00006214","256.87","0.12","LONG","0.00030807","25"
"IOP","BTC","TREX","1506211200","0.00104773","1827","0.00014757","108.17","0.12","LONG","0.00075261","25"
"KORE","BTC","TREX","1506211200","0.00147000","368","0.00024344","65.57","0.10","LONG","0.00098313","25"
"MUE","BTC","TREX","1506211200","0.00003787","23","0.00000497","3213.28","0.13","LONG","0.00002794","25"
"NXC","BTC","POLO","1506211200","0.00011859","250","0.00001144","1395.94","0.17","LONG","0.00009573","25"
"NXC","BTC","TREX","1506211200","0.00011925","730","0.00001339","1192.51","0.15","LONG","0.00009249","25"
"SBD","BTC","POLO","1506211200","0.00026716","1","0.00002796","570.88","0.16","LONG","0.00021125","25"
"SLR","BTC","TREX","1506211200","0.00005182","49","0.00000782","2043.19","0.11","LONG","0.00003620","25"
"SYNX","BTC","TREX","1506211200","0.00008010","424","0.00001227","1301.71","0.11","LONG","0.00005558","25"
"TKS","BTC","TREX","1506211200","0.00071200","21","0.00008541","186.89","0.14","LONG","0.00054120","25"
"TRST","BTC","TREX","1506211200","0.00008751","175","0.00001295","1233.21","0.11","LONG","0.00006163","25"
"TX","BTC","TREX","1506211200","0.00012300","18","0.00001740","917.67","0.12","LONG","0.00008822","25"
"UNB","BTC","TREX","1506211200","0.00006830","11","0.00001146","1393.25","0.10","LONG","0.00004539","25"
"VTC","BTC","POLO","1506211200","0.00027791","29","0.00003523","453.14","0.13","LONG","0.00020747","25"
"VTC","BTC","TREX","1506211200","0.00027802","160","0.00003984","400.70","0.12","LONG","0.00019836","25"
"VTR","BTC","TREX","1506211200","0.00005646","11","0.00000827","1931.37","0.11","LONG","0.00003994","25"
"XWC","BTC","TREX","1506211200","0.00000672","38","0.00000088","18247.45","0.13","LONG","0.00000498","25"
"XZC","BTC","TREX","1506211200","0.00308267","213","0.00045768","34.88","0.11","LONG","0.00216733","25"
"ZEC","XMR","POLO","1506211200","2.2901777","102","0.28379440","0.06","0.13","LONG","1.72258890","25"
"2GIVE","BTC","TREX","1506297600","0.00000156","33","0.00000021","75869.31","0.12","LONG","0.00000116","25"
"BAY","BTC","TREX","1506297600","0.00000625","78","0.00000093","16697.64","0.11","LONG","0.00000441","25"
"BELA","BTC","POLO","1506297600","0.00004528","232","0.00000585","2636.83","0.12","LONG","0.00003360","25"
"CLAM","BTC","POLO","1506297600","0.00219732","277","0.00014981","102.88","0.23","LONG","0.00189771","25"
"CLAM","BTC","TREX","1506297600","0.00219639","48","0.00028096","54.86","0.13","LONG","0.00163449","25"
"EMC2","BTC","POLO","1506297600","0.00001943","119","0.00000230","6708.67","0.14","LONG","0.00001484","25"
"EMC2","BTC","TREX","1506297600","0.00002069","541","0.00000229","6730.19","0.14","LONG","0.00001612","25"
"EXCL","BTC","TREX","1506297600","0.00035756","43","0.00007010","219.86","0.08","LONG","0.00021738","25"
"GAME","BTC","POLO","1506297600","0.00049798","83","0.00007169","215.00","0.11","LONG","0.00035462","25"
"HMQ","ETH","TREX","1506297600","0.00044680","30","0.00006088","253.17","0.12","LONG","0.00032506","25"
"INCNT","BTC","TREX","1506297600","0.00005020","54","0.00001036","1487.86","0.08","LONG","0.00002949","25"
"MUE","BTC","TREX","1506297600","0.00003878","31","0.00000495","3119.22","0.13","LONG","0.00002890","25"
"PKB","BTC","TREX","1506297600","0.00010029","4","0.00001724","893.99","0.09","LONG","0.00006582","25"
"RDD","BTC","TREX","1506297600","0.00000040","6592","0.00000005","338918.60","0.14","LONG","0.00000031","25"
"SBD","BTC","POLO","1506297600","0.00026787","10","0.00002728","565.05","0.16","LONG","0.00021333","25"
"SBD","BTC","TREX","1506297600","0.00026838","33","0.00003645","422.81","0.12","LONG","0.00019549","25"
"SLR","BTC","TREX","1506297600","0.00005599","25","0.00000795","1939.11","0.11","LONG","0.00004010","25"
"TRST","BTC","TREX","1506297600","0.00008755","133","0.00001279","1205.72","0.11","LONG","0.00006199","25"
"TRST","ETH","TREX","1506297600","0.00114515","68","0.00017472","88.21","0.11","LONG","0.00079572","25"
"UNB","BTC","TREX","1506297600","0.00007928","99","0.00001210","1274.40","0.11","LONG","0.00005510","25"
"ZEC","XMR","POLO","1506297600","2.46029448","163","0.28009860","0.06","0.14","LONG","1.90009728","25"
"2GIVE","BTC","TREX","1506384000","0.00000158","29","0.0000002049666","76889.360000000","0.12148518880000000","LONG","0.0000011700668","25"
"ABY","BTC","TREX","1506384000","0.00000212","331","0.0000002510892","62765.540000000","0.13306294480000000","LONG","0.0000016178216","25"
"AEON","BTC","TREX","1506384000","0.00026519","15","0.00003815166","413.081600000","0.10954510950400000","LONG","0.00018888668","25"
"ARDR","BTC","POLO","1506384000","0.00003539","56","0.000003988568","3951.230000000","0.13983402970000000","LONG","0.000027412864","25"
"ARDR","BTC","TREX","1506384000","0.00003527","119","0.000003658561","4307.636000000","0.15193032172000000","LONG","0.000027952878","25"
"BAY","BTC","TREX","1506384000","0.00000650","44","0.000000911285","17293.990000000","0.11241093500000000","LONG","0.000004677430","25"
"BITB","BTC","TREX","1506384000","0.00000087","45","0.0000001102008","143009.400000000","0.12441817800000000","LONG","0.0000006495984","25"
"CLAM","BTC","POLO","1506384000","0.00220245","63","0.0001499985","105.066100000","0.23140283194500000","LONG","0.0019024530","25"
"CLAM","BTC","TREX","1506384000","0.00222062","20","0.0002742820","57.458200000","0.12759282808400000","LONG","0.0016720560","25"
"CURE","BTC","TREX","1506384000","0.00005800","8","0.000008504245","1853.163000000","0.10748345400000000","LONG","0.00004099151","25"
"DMD","BTC","TREX","1506384000","0.00285821","211","0.0002863095","55.044450000","0.15732859743450000","LONG","0.0022855910","25"
"EBST","BTC","TREX","1506384000","0.00005240","1751","0.00001090382","1445.342000000","0.07573592080000000","LONG","0.00003059236","25"
"EMC2","BTC","POLO","1506384000","0.00002117","167","0.000002325902","6775.758000000","0.14344279686000000","LONG","0.000016518196","25"
"EMC2","BTC","TREX","1506384000","0.00002128","572","0.00000229031","6881.055000000","0.14642885040000000","LONG","0.00001669938","25"
"GAME","BTC","POLO","1506384000","0.00062198","955","0.0000777793","202.621400000","0.12602645837200000","LONG","0.0004664214","25"
"GAME","BTC","TREX","1506384000","0.00061960","1428","0.00006998835","225.176800000","0.13951954528000000","LONG","0.0004796233","25"
"GCR","BTC","TREX","1506384000","0.00001245","258","0.000001731450","9102.053000000","0.11332055985000000","LONG","0.000008987100","25"
"MUE","BTC","TREX","1506384000","0.00004084","52","0.000004932068","3195.363000000","0.13049862492000000","LONG","0.000030975864","25"
"PKB","BTC","TREX","1506384000","0.00010068","6","0.00001684538","935.553200000","0.09419149617600000","LONG","0.00006698924","25"
"QRL","BTC","TREX","1506384000","0.00018484","170","0.00002466016","639.077400000","0.11812706661600000","LONG","0.00013551968","25"
"QRL","ETH","TREX","1506384000","0.00252800","118","0.0003377550","46.660300000","0.11795723840000000","LONG","0.0018524900","25"
"SLR","BTC","TREX","1506384000","0.00006131","84","0.000008196495","1922.743000000","0.11788337333000000","LONG","0.00004491701","25"
"TKN","BTC","TREX","1506384000","0.00044700","221","0.00008810585","178.872900000","0.07995618630000000","LONG","0.0002707883","25"
"TKN","ETH","TREX","1506384000","0.00593589","296","0.001137491","13.854830000","0.08224074684870000","LONG","0.003660908","25"
"TRST","BTC","TREX","1506384000","0.00009400","250","0.00001292588","1219.240000000","0.11460856000000000","LONG","0.00006814824","25"
"TRST","ETH","TREX","1506384000","0.00127936","62","0.0001767353","89.171490000","0.11408243744640000","LONG","0.0009258894","25"
"TRUST","BTC","TREX","1506384000","0.00002970","559","0.000004753781","3315.203000000","0.09846152910000000","LONG","0.000020192438","25"
"WAVES","BTC","TREX","1506384000","0.00123817","865","0.0001053034","149.660400000","0.18530501746800000","LONG","0.0010275632","25"
"WAVES","ETH","TREX","1506384000","0.01650000","367","0.01517416","1.038591000","0.01713675150000000","LONG","-0.01384832","25"
"ZEC","ETH","POLO","1506384000","0.79565603","1118","0.0523142","0.301251900","0.23969289078395700","LONG","0.69102763","25"
"ZEC","ETH","TREX","1506384000","0.80252038","739","0.06231995","0.252884500","0.20294496503611000","LONG","0.67788048","25"
"ZEC","XMR","POLO","1506384000","2.46764796","39","0.2724082","0.057853430","0.14276189851850280","LONG","1.92283156","25"
"2GIVE","BTC","TREX","1506470400","0.00000161","25","0.0000002032182","73333.150000000","0.11806637150000000","LONG","0.0000012035636","25"
"ABY","BTC","TREX","1506470400","0.00000218","194","0.0000002605348","57200.150000000","0.12469632700000000","LONG","0.0000016589304","25"
"AEON","BTC","TREX","1506470400","0.00031000","130","0.00004189758","355.691900000","0.11026448900000000","LONG","0.00022620484","25"
"CLAM","BTC","POLO","1506470400","0.00223","26","0.0001455502","102.388200000","0.22832568600000","LONG","0.0019388996","25"
"CLUB","BTC","TREX","1506470400","0.00011630","22","0.00000969014","1537.917000000","0.17885974710000000","LONG","0.00009691972","25"
"CURE","BTC","TREX","1506470400","0.00005800","9","0.000008282535","1799.284000000","0.10435847200000000","LONG","0.00004143493","25"
"EMC2","BTC","POLO","1506470400","0.00002269","83","0.000002377136","6269.153000000","0.14224708157000000","LONG","0.000017935728","25"
"EMC2","BTC","TREX","1506470400","0.00002270","500","0.000002322294","6417.202000000","0.14567048540000000","LONG","0.000018055412","25"
"GUP","ETH","TREX","1506470400","0.00072277","40","0.0001103702","135.024000000","0.09759129648000000","LONG","0.0005020296","25"
"HMQ","BTC","TREX","1506470400","0.00003658","292","0.000004371507","3409.037000000","0.12470257346000000","LONG","0.000027836986","25"
"HMQ","ETH","TREX","1506470400","0.00049956","144","0.00006285855","237.082000000","0.11843668392000000","LONG","0.0003738429","25"
"INFX","BTC","TREX","1506470400","0.00019200","37","0.00002247261","663.146400000","0.12732410880000000","LONG","0.00014705478","25"
"NEO","BTC","TREX","1506470400","0.00772001","8577","0.001026012","14.524810000","0.11213167844810000","LONG","0.005667986","25"
"NEO","ETH","TREX","1506470400","0.10648800","8796","0.01415744","1.052636000","0.11209310236800000","LONG","0.07817312","25"
"NEO","USDT","TREX","1506470400","31.71100000","8655303","5.111955","0.002915251","0.09244552446100000","LONG","21.48709000","25"
"TKN","ETH","TREX","1506470400","0.00614998","218","0.001117009","13.341550000","0.08205026566900000","LONG","0.003915962","25"
"TRST","BTC","TREX","1506470400","0.00010317","353","0.00001328358","1121.884000000","0.11574477228000000","LONG","0.00007660284","25"
"TRST","ETH","TREX","1506470400","0.00141487","153","0.0001840506","80.970290000","0.11456243421230000","LONG","0.0010467688","25"
"TRUST","BTC","TREX","1506470400","0.00003530","738","0.00000547759","2720.655000000","0.09603912150000000","LONG","0.00002434482","25"
"WAVES","ETH","TREX","1506470400","0.01705530","377","0.01454565","1.024542000","0.01747387117260000","LONG","-0.01203600","25"
"XZC","BTC","TREX","1506470400","0.00315010","370","0.0004438422","33.576420000","0.10576908064200000","LONG","0.0022624156","25"
"ZEC","BTC","POLO","1506470400","0.06714014","3368","0.00566456","2.630854000","0.17663590587956000","LONG","0.05581102","25"
"ZEC","BTC","TREX","1506470400","0.06779802","4823","0.005966065","2.497899000","0.16935260635998000","LONG","0.05586589","25"
"ZEC","ETH","POLO","1506470400","0.928","5329","0.0604868","0.246378200","0.228638969600","LONG","0.8070264","25"
"ZEC","ETH","TREX","1506470400","0.92592305","5243","0.07585395","0.196464800","0.18191128683364000","LONG","0.77421515","25"
"ZEC","USDT","POLO","1506470400","276.52999999","5711334","29.05796","0.000512859","0.14182089926487141","LONG","218.41407999","25"
"ZEC","USDT","TREX","1506470400","278.99999999","3722088","32.22200","0.000462499","0.12903722099537501","LONG","214.55599999","25"
"ZEC","XMR","POLO","1506470400","2.8","1259","0.2924572","0.050956620","0.1426785360","LONG","2.2150856","25"
"ADX","BTC","TREX","1506553200","0.00025300","3179","0.00004931","382.90650000","0.09687535","LONG","0.00015440","25"
"ADX","ETH","TREX","1506553200","0.00344221","2039","0.00064647","29.20132000","0.10051708","LONG","0.00214928","25"
"AEON","BTC","TREX","1506553200","0.00028803","150","0.00004141","455.91180000","0.13131628","LONG","0.00020522","25"
"ARDR","BTC","POLO","1506553200","0.00003772","97","0.00000405","4662.83600000","0.17588218","LONG","0.00002963","25"
"ARDR","BTC","TREX","1506553200","0.00003797","194","0.00000375","5036.57400000","0.19123872","LONG","0.00003048","25"
"CLUB","BTC","TREX","1506553200","0.00011910","6","0.00000953","1981.47100000","0.23599320","LONG","0.00010005","25"
"EMC2","BTC","POLO","1506553200","0.00002419","253","0.00000249","7608.51100000","0.18404989","LONG","0.00001923","25"
"EMC2","BTC","TREX","1506553200","0.00002415","614","0.00000243","7796.55400000","0.18828678","LONG","0.00001931","25"
"HMQ","BTC","TREX","1506553200","0.00004119","440","0.00000454","4167.26700000","0.17164973","LONG","0.00003213","25"
"HMQ","ETH","TREX","1506553200","0.00054980","272","0.00006529","289.16110000","0.15898078","LONG","0.00041924","25"
"INFX","BTC","TREX","1506553200","0.00020800","186","0.00002463","766.66800000","0.15946695","LONG","0.00015876","25"
"NEO","BTC","TREX","1506553200","0.00767000","17202","0.00104583","18.05050000","0.13844734","LONG","0.00557834","25"
"NEO","ETH","TREX","1506553200","0.10341175","18453","0.01439628","1.31129400","0.13560321","LONG","0.07461919","25"
"NEO","USDT","TREX","1506553200","32.08000000","16904618","5.22285500","0.00361445","0.11595156","LONG","21.63429000","25"
"SAFEX","BTC","TREX","1506553200","0.00000283","133","0.00000042","45753.32000000","0.12948190","LONG","0.00000201","25"
"STEEM","BTC","POLO","1506553200","0.00028706","241","0.00003532","534.62570000","0.15346966","LONG","0.00021644","25"
"STEEM","BTC","TREX","1506553200","0.00028957","245","0.00004085","462.16700000","0.13382970","LONG","0.00020788","25"
"TRST","BTC","TREX","1506553200","0.00010419","326","0.00001309","1442.74800000","0.15031992","LONG","0.00007803","25"
"TRST","ETH","TREX","1506553200","0.00140426","181","0.00018215","103.64380000","0.14554285","LONG","0.00103998","25"
"WAVES","ETH","TREX","1506553200","0.01671988","249","0.01449292","1.30255000","0.02177848","LONG","-0.01226596","25"
"XZC","BTC","TREX","1506553200","0.00315263","350","0.00043716","43.18308000","0.13614028","LONG","0.00227832","25"
"ZEC","BTC","POLO","1506553200","0.06977577","4389","0.00566456","3.33260700","0.23253522","LONG","0.05844665","25"
"ZEC","BTC","TREX","1506553200","0.06973228","6456","0.00591865","3.18953600","0.22241362","LONG","0.05789498","25"
"ZEC","ETH","POLO","1506553200","0.93915655","6453","0.06048680","0.31209700","0.29310795","LONG","0.81818295","25"
"ZEC","ETH","TREX","1506553200","0.94389998","6956","0.07528890","0.25073750","0.23667113","LONG","0.79332218","25"
"ZEC","USDT","POLO","1506553200","291.94771026","8547230","29.20796000","0.00064633","0.18869252","LONG","233.53179026","25"
"ZEC","USDT","TREX","1506553200","290.84500000","5244813","32.19450000","0.00058637","0.17054162","LONG","226.45600000","25"
"ZEC","XMR","POLO","1506553200","2.83826252","1457","0.29245720","0.06454876","0.18320633","LONG","2.25334812","25"
"AEON","BTC","TREX","1506639600","0.00033379","94","0.00004367","428.15680000","0.14291446","LONG","0.00024646","25"
"ARDR","BTC","POLO","1506639600","0.00004188","220","0.00000421","4441.31200000","0.18600215","LONG","0.00003347","25"
"ARDR","BTC","TREX","1506639600","0.00004180","785","0.00000422","4438.71200000","0.18553817","LONG","0.00003338","25"
"BTA","BTC","TREX","1506639600","0.00018697","21","0.00003032","616.84820000","0.11533211","LONG","0.00012635","25"
"BYC","BTC","TREX","1506639600","0.00014962","2","0.00001749","1069.56900000","0.16002892","LONG","0.00011466","25"
"CLUB","BTC","TREX","1506639600","0.00011989","26","0.00001031","1815.18000000","0.21762194","LONG","0.00009929","25"
"EMC2","BTC","POLO","1506639600","0.0000294","367","0.00000264","7088.56700000","0.20840387","LONG","0.00002413","25"
"EMC2","BTC","TREX","1506639600","0.00003131","1331","0.00000281","6661.43900000","0.20856966","LONG","0.00002570","25"
"ERC","BTC","TREX","1506639600","0.00013893","113","0.00002872","651.18400000","0.09046900","LONG","0.00008151","25"
"GEO","BTC","TREX","1506639600","0.00033300","26","0.00008149","229.44470000","0.07640509","LONG","0.00017003","25"
"HUC","BTC","POLO","1506639600","0.0000265","1","0.00000336","5575.67600000","0.14775542","LONG","0.00001980","25"
"MEME","BTC","TREX","1506639600","0.00004929","78","0.00000614","3045.96200000","0.15013547","LONG","0.00003702","25"
"SAFEX","BTC","TREX","1506639600","0.00000285","233","0.00000042","45550.04000000","0.12981762","LONG","0.00000203","25"
"STEEM","BTC","POLO","1506639600","0.00029919","162","0.00003484","536.67330000","0.16056729","LONG","0.00022952","25"
"STEEM","BTC","TREX","1506639600","0.00030199","302","0.00004024","464.64690000","0.14031872","LONG","0.00022152","25"
"STEEM","ETH","POLO","1506639600","0.00416676","68","0.00045043","41.50911000","0.17295850","LONG","0.00326591","25"
"TRUST","BTC","TREX","1506639600","0.00004250","324","0.00000601","3115.80100000","0.13242155","LONG","0.00003050","25"
"XZC","BTC","TREX","1506639600","0.00326732","444","0.00043930","42.56078000","0.13905969","LONG","0.00238873","25"
"ZEC","BTC","POLO","1506639600","0.0725163","8851","0.00690591","2.70737100","0.19632853","LONG","0.05870448","25"
"ZEC","BTC","TREX","1506639600","0.07245479","14174","0.00739931","2.52683800","0.18308152","LONG","0.05765617","25"
"ZEC","ETH","POLO","1506639600","1.00859561","13622","0.07789780","0.24001780","0.24208090","LONG","0.85280001","25"
"ZEC","ETH","TREX","1506639600","1.00000000","19998","0.09682445","0.19310060","0.19310060","LONG","0.80635110","25"
"ZEC","USDT","POLO","1506639600","304","21689565","34.14212000","0.00054762","0.16647618","LONG","235.71576000","25"
"ZEC","USDT","TREX","1506639600","304.00000000","14750444","38.48478000","0.00048583","0.14769080","LONG","227.03044000","25"
"ZEC","XMR","POLO","1506639600","3.14509989","1769","0.34595300","0.05404451","0.16997539","LONG","2.45319389","25"
"AEON","BTC","TREX","1506726000","0.00036500","47","0.00004385","410.92230000","0.14998664","LONG","0.00027731","25"
"ARDR","BTC","POLO","1506726000","0.00004277","79","0.00000427","4227.79400000","0.18082275","LONG","0.00003425","25"
"ARDR","BTC","TREX","1506726000","0.00004334","258","0.00000423","4266.67900000","0.18491787","LONG","0.00003490","25"
"BAY","BTC","TREX","1506726000","0.00000808","180","0.00000097","18615.64000000","0.15041438","LONG","0.00000615","25"
"BYC","BTC","TREX","1506726000","0.00015356","39","0.00001816","992.26120000","0.15237163","LONG","0.00011725","25"
"EMC2","BTC","POLO","1506726000","0.0000316","329","0.00000284","6364.12000000","0.20110620","LONG","0.00002594","25"
"EMC2","BTC","TREX","1506726000","0.00003219","2890","0.00000328","5505.42400000","0.17721960","LONG","0.00002565","25"
"FUN","BTC","TREX","1506726000","0.00000654","242","0.00000088","20593.68000000","0.13468267","LONG","0.00000480","25"
"FUN","ETH","TREX","1506726000","0.00009234","215","0.00001242","1451.72100000","0.13405192","LONG","0.00006752","25"
"GCR","BTC","TREX","1506726000","0.00001328","50","0.00000181","9988.42000000","0.13264622","LONG","0.00000968","25"
"IOP","BTC","TREX","1506726000","0.00111552","3134","0.00018339","98.25393000","0.10960423","LONG","0.00074875","25"
"MEME","BTC","TREX","1506726000","0.00008083","1088","0.00000793","2273.98300000","0.18380605","LONG","0.00006499","25"
"STEEM","BTC","POLO","1506726000","0.0003484","418","0.00003615","498.55060000","0.17369503","LONG","0.00027612","25"
"STEEM","BTC","TREX","1506726000","0.00034933","1063","0.00004174","431.73050000","0.15081642","LONG","0.00026586","25"
"STEEM","ETH","POLO","1506726000","0.0049098","106","0.00046943","38.38474000","0.18846140","LONG","0.00397096","25"
"VTR","BTC","TREX","1506726000","0.00006142","91","0.00000864","2087.44500000","0.12821088","LONG","0.00004416","25"
"XWC","BTC","TREX","1506726000","0.00000682","268","0.00000104","17360.68000000","0.11839984","LONG","0.00000475","25"
"ZEC","ETH","TREX","1506726000","1.00600000","5373","0.10052040","0.17925390","0.18032943","LONG","0.80495920","25"
"ZEC","XMR","POLO","1506726000","3.20484723","328","0.34513840","0.05220709","0.16731575","LONG","2.51457043","25"
"ADT","BTC","TREX","1506211200","0.00000946","11","0.00000175","9162.72","0.09","SHORT","0.00001295","-25"
"ADT","ETH","TREX","1506211200","0.00012573","13","0.00002124","751.68","0.10","SHORT","0.00016820","-25"
"BCC","BTC","TREX","1506211200","0.11534230","1529","0.02041127","0.79","0.10","SHORT","0.15616484","-25"
"BCC","ETH","TREX","1506211200","1.48217401","459","0.28342940","0.06","0.09","SHORT","2.04903281","-25"
"BCH","BTC","POLO","1506211200","0.11525","816","0.02414030","0.67","0.08","SHORT","0.16353060","-25"
"BCH","ETH","POLO","1506211200","1.48522222","278","3.39090900","0.01","0.01","SHORT","8.26704022","-25"
"BCN","BTC","POLO","1506211200","0.00000032","21","0.00000006","271676.70","0.09","SHORT","0.00000044","-25"
"BNT","ETH","TREX","1506211200","0.00747238","67","0.00046048","34.67","0.26","SHORT","0.00839333","-25"
"BTS","BTC","POLO","1506211200","0.00001986","248","0.00000463","3447.19","0.07","SHORT","0.00002912","-25"
"BTS","BTC","TREX","1506211200","0.00001977","233","0.00000394","4054.94","0.09","SHORT","0.00002765","-25"
"BTS","ETH","TREX","1506211200","0.00026100","98","0.00013615","117.24","0.04","SHORT","0.00053329","-25"
"CFI","ETH","TREX","1506211200","0.00046000","18","0.00010669","149.60","0.07","SHORT","0.00067338","-25"
"CVC","ETH","TREX","1506211200","0.00120120","246","0.00022698","70.32","0.09","SHORT","0.00165516","-25"
"DCT","BTC","TREX","1506211200","0.00013879","20","0.00003187","500.89","0.07","SHORT","0.00020252","-25"
"DGB","ETH","TREX","1506211200","0.00004663","82","0.00000850","1879.68","0.09","SHORT","0.00006362","-25"
"DGD","ETH","TREX","1506211200","0.24634439","38","0.03088526","0.52","0.13","SHORT","0.30811491","-25"
"EMC","BTC","TREX","1506211200","0.00015925","10","0.00005471","291.75","0.05","SHORT","0.00026867","-25"
"ETC","BTC","POLO","1506211200","0.00287265","345","0.00032005","49.87","0.15","SHORT","0.00351275","-25"
"ETC","BTC","TREX","1506211200","0.00286670","236","0.00028939","55.16","0.16","SHORT","0.00344548","-25"
"ETC","ETH","POLO","1506211200","0.03718668","921","0.00392665","4.07","0.16","SHORT","0.04503997","-25"
"ETC","ETH","TREX","1506211200","0.03717664","404","0.00392882","4.07","0.16","SHORT","0.04503427","-25"
"EXP","BTC","POLO","1506211200","0.00057593","17","0.00009973","160.05","0.10","SHORT","0.00077538","-25"
"EXP","BTC","TREX","1506211200","0.00057992","39","0.00012925","123.49","0.08","SHORT","0.00083842","-25"
"FCT","BTC","POLO","1506211200","0.00449062","60","0.00063554","25.12","0.12","SHORT","0.00576169","-25"
"FCT","BTC","TREX","1506211200","0.00452176","59","0.00064374","24.80","0.12","SHORT","0.00580924","-25"
"FCT","ETH","TREX","1506211200","0.05709413","34","0.00892904","1.79","0.11","SHORT","0.07495220","-25"
"FLDC","BTC","POLO","1506211200","0.00000242","11","0.00000048","33628.46","0.09","SHORT","0.00000337","-25"
"FLDC","BTC","TREX","1506211200","0.00000240","14","0.00000057","28487.29","0.07","SHORT","0.00000353","-25"
"GBYTE","BTC","TREX","1506211200","0.05830001","30","0.00877142","1.82","0.11","SHORT","0.07584284","-25"
"GNO","BTC","POLO","1506211200","0.0249677","8","0.48323500","0.04","0.01","SHORT","0.99143770","-25"
"GNO","BTC","TREX","1506211200","0.02507722","8","0.00404083","3.95","0.10","SHORT","0.03315888","-25"
"GNO","ETH","POLO","1506211200","0.32232701","24","0.05692080","0.29","0.10","SHORT","0.43616861","-25"
"GNO","ETH","TREX","1506211200","0.33021789","58","0.05266330","0.31","0.11","SHORT","0.43554449","-25"
"GUP","ETH","TREX","1506211200","0.00058565","26","0.00011405","139.95","0.09","SHORT","0.00081375","-25"
"LBC","BTC","POLO","1506211200","0.00005431","29","0.00001207","1323.29","0.08","SHORT","0.00007844","-25"
"LGD","ETH","TREX","1506211200","0.00359273","2","0.00146566","10.89","0.04","SHORT","0.00652405","-25"
"LTC","BTC","POLO","1506211200","0.0129434","793","0.00133894","11.93","0.16","SHORT","0.01562127","-25"
"LTC","BTC","TREX","1506211200","0.01295601","560","0.00141124","11.31","0.15","SHORT","0.01577849","-25"
"LTC","ETH","TREX","1506211200","0.16610394","457","0.01803653","0.89","0.15","SHORT","0.20217700","-25"
"MYST","ETH","TREX","1506211200","0.00306616","6","0.00068348","23.36","0.08","SHORT","0.00443311","-25"
"NMR","ETH","TREX","1506211200","0.05340604","49","0.01235926","1.30","0.07","SHORT","0.07812456","-25"
"NXS","BTC","TREX","1506211200","0.00056278","212","0.00010592","150.69","0.09","SHORT","0.00077462","-25"
"NXT","BTC","POLO","1506211200","0.00001617","66","0.00000313","5110.23","0.09","SHORT","0.00002242","-25"
"NXT","BTC","TREX","1506211200","0.00001631","100","0.00000250","6407.93","0.11","SHORT","0.00002130","-25"
"NXT","XMR","POLO","1506211200","0.00065484","6","0.00018865","84.61","0.06","SHORT","0.00103214","-25"
"OMG","BTC","TREX","1506211200","0.00234496","1065","0.00031810","50.18","0.12","SHORT","0.00298115","-25"
"OMG","ETH","TREX","1506211200","0.03031348","5861","0.00420306","3.80","0.12","SHORT","0.03871960","-25"
"PART","BTC","TREX","1506211200","0.00188842","16","0.00029551","54.02","0.11","SHORT","0.00247943","-25"
"POT","BTC","POLO","1506211200","0.00001893","6","0.00000278","5742.67","0.11","SHORT","0.00002449","-25"
"POT","BTC","TREX","1506211200","0.00001888","12","0.00000282","5664.08","0.11","SHORT","0.00002452","-25"
"PPC","BTC","POLO","1506211200","0.0003274","5","0.00005366","297.46","0.10","SHORT","0.00043472","-25"
"PPC","BTC","TREX","1506211200","0.00033003","6","0.00005994","266.30","0.09","SHORT","0.00044990","-25"
"QTUM","BTC","TREX","1506211200","0.00221760","909","0.00051142","31.21","0.07","SHORT","0.00324043","-25"
"QTUM","ETH","TREX","1506211200","0.02889345","1082","0.00682704","2.34","0.07","SHORT","0.04254753","-25"
"RADS","BTC","POLO","1506211200","0.0011355","5","0.00016100","99.14","0.12","SHORT","0.00145750","-25"
"RADS","BTC","TREX","1506211200","0.00113019","17","0.00014806","107.81","0.13","SHORT","0.00142630","-25"
"REP","ETH","POLO","1506211200","0.06292243","30","0.00749933","2.13","0.14","SHORT","0.07792109","-25"
"REP","ETH","TREX","1506211200","0.06293062","35","0.00754851","2.12","0.14","SHORT","0.07802763","-25"
"SNT","ETH","TREX","1506211200","0.00007671","230","0.00001444","1105.66","0.09","SHORT","0.00010559","-25"
"STRAT","BTC","POLO","1506211200","0.00108","89","0.00017449","91.48","0.10","SHORT","0.00142898","-25"
"STRAT","BTC","TREX","1506211200","0.00107417","320","0.00015263","104.58","0.12","SHORT","0.00137942","-25"
"STRAT","ETH","TREX","1506211200","0.01384718","196","0.00204589","7.81","0.11","SHORT","0.01793896","-25"
"SYS","BTC","POLO","1506211200","0.00003788","41","0.00000945","1689.74","0.07","SHORT","0.00005678","-25"
"SYS","BTC","TREX","1506211200","0.00003733","94","0.00000945","1690.05","0.07","SHORT","0.00005622","-25"
"WAVES","ETH","TREX","1506211200","0.01340001","64","0.01659516","0.97","0.02","SHORT","0.04659033","-25"
"XLM","ETH","TREX","1506211200","0.00004024","0","0.00000647","2469.07","0.10","SHORT","0.00005317","-25"
"XMR","ETH","TREX","1506211200","0.31750000","321","0.04666926","0.35","0.11","SHORT","0.41083852","-25"
"XVC","BTC","POLO","1506211200","0.0000825","6","0.00002372","673.00","0.06","SHORT","0.00012994","-25"
"ZRX","BTC","POLO","1506211200","0.00004727","60","27.01800000","0.01","0.01","SHORT","54.03604727","-25"
"ZRX","ETH","POLO","1506211200","0.0006056","382","0.00035303","45.22","0.03","SHORT","0.00131165","-25"
"ANT","ETH","TREX","1506297600","0.00606153","88","0.00077846","19.80","0.12","SHORT","0.00761844","-25"
"BCC","BTC","TREX","1506297600","0.11480000","3792","0.01979070","0.78","0.09","SHORT","0.15438140","-25"
"BCH","BTC","POLO","1506297600","0.1147","1112","0.02326293","0.67","0.08","SHORT","0.16122586","-25"
"DCT","BTC","TREX","1506297600","0.00013496","30","0.00003087","499.33","0.07","SHORT","0.00019669","-25"
"EMC","BTC","TREX","1506297600","0.00015721","11","0.00005242","294.00","0.05","SHORT","0.00026205","-25"
"ETC","BTC","POLO","1506297600","0.00278288","362","0.00030883","49.91","0.14","SHORT","0.00340054","-25"
"ETC","BTC","TREX","1506297600","0.00279000","280","0.00028076","54.90","0.16","SHORT","0.00335151","-25"
"ETC","ETH","POLO","1506297600","0.03708","743","0.00378806","4.07","0.16","SHORT","0.04465611","-25"
"EXP","BTC","POLO","1506297600","0.00056625","12","0.00009608","160.40","0.10","SHORT","0.00075841","-25"
"EXP","BTC","TREX","1506297600","0.00056003","40","0.00012508","123.22","0.07","SHORT","0.00081018","-25"
"FCT","BTC","POLO","1506297600","0.00439342","46","0.00061648","25.00","0.11","SHORT","0.00562637","-25"
"FCT","BTC","TREX","1506297600","0.00438997","50","0.00062800","24.54","0.11","SHORT","0.00564597","-25"
"FCT","ETH","TREX","1506297600","0.05610265","39","0.00881566","1.75","0.10","SHORT","0.07373396","-25"
"GBYTE","BTC","TREX","1506297600","0.05726997","28","0.00841061","1.84","0.11","SHORT","0.07409118","-25"
"GNO","BTC","POLO","1506297600","0.02376797","51","0.45922140","0.04","0.01","SHORT","0.94221077","-25"
"GNO","BTC","TREX","1506297600","0.02374996","34","0.00393915","3.92","0.10","SHORT","0.03162826","-25"
"GNO","ETH","POLO","1506297600","0.313","149","0.05507190","0.28","0.09","SHORT","0.42314380","-25"
"GNO","ETH","TREX","1506297600","0.31444477","38","0.05094105","0.31","0.10","SHORT","0.41632687","-25"
"GOLOS","BTC","TREX","1506297600","0.00002394","13","0.00000378","4086.01","0.10","SHORT","0.00003149","-25"
"LGD","BTC","TREX","1506297600","0.00027012","30","0.00009009","171.07","0.05","SHORT","0.00045030","-25"
"LGD","ETH","TREX","1506297600","0.00353370","2","0.00140652","10.96","0.04","SHORT","0.00634673","-25"
"MAID","BTC","POLO","1506297600","0.00012716","52","0.00001555","991.06","0.13","SHORT","0.00015826","-25"
"MYST","ETH","TREX","1506297600","0.00291386","38","0.00066772","23.08","0.07","SHORT","0.00424929","-25"
"NAUT","BTC","POLO","1506297600","0.00003326","2","0.00000527","2929.64","0.10","SHORT","0.00004379","-25"
"NEOS","BTC","POLO","1506297600","0.00079595","117","0.00014796","104.17","0.09","SHORT","0.00109186","-25"
"NEOS","BTC","TREX","1506297600","0.00079400","261","0.00015166","101.62","0.09","SHORT","0.00109731","-25"
"NMR","BTC","TREX","1506297600","0.00390050","127","0.00102533","15.04","0.06","SHORT","0.00595116","-25"
"NMR","ETH","TREX","1506297600","0.05275781","40","0.01238403","1.25","0.07","SHORT","0.07752587","-25"
"NXS","BTC","TREX","1506297600","0.00049356","352","0.00010734","143.58","0.08","SHORT","0.00070824","-25"
"NXT","BTC","TREX","1506297600","0.00001615","79","0.00000240","6447.60","0.11","SHORT","0.00002094","-25"
"PART","BTC","TREX","1506297600","0.00187883","39","0.00029008","53.13","0.10","SHORT","0.00245899","-25"
"PPC","BTC","POLO","1506297600","0.00032197","5","0.00005179","297.58","0.10","SHORT","0.00042555","-25"
"PPC","BTC","TREX","1506297600","0.00032200","7","0.00005781","266.61","0.09","SHORT","0.00043761","-25"
"RADS","BTC","POLO","1506297600","0.00111601","8","0.00015514","99.34","0.12","SHORT","0.00142629","-25"
"RADS","BTC","TREX","1506297600","0.00112097","18","0.00014249","108.16","0.13","SHORT","0.00140595","-25"
"SC","ETH","TREX","1506297600","0.00001621","127","0.00000243","6344.66","0.11","SHORT","0.00002107","-25"
"SNT","BTC","TREX","1506297600","0.00000578","88","0.00000105","14682.51","0.09","SHORT","0.00000788","-25"
"SNT","ETH","TREX","1506297600","0.00007642","328","0.00001385","1112.71","0.09","SHORT","0.00010412","-25"
"STRAT","BTC","POLO","1506297600","0.00107861","147","0.00016871","91.35","0.10","SHORT","0.00141603","-25"
"SYS","BTC","POLO","1506297600","0.00003764","45","0.00000907","1700.15","0.07","SHORT","0.00005577","-25"
"SYS","BTC","TREX","1506297600","0.00003749","110","0.00000907","1699.29","0.07","SHORT","0.00005563","-25"
"UBQ","BTC","TREX","1506297600","0.00039596","185","0.00007665","201.07","0.08","SHORT","0.00054926","-25"
"WINGS","ETH","TREX","1506297600","0.00200004","25","0.00029745","51.82","0.11","SHORT","0.00259493","-25"
"XCP","BTC","POLO","1506297600","0.00264035","4","0.00037889","40.68","0.11","SHORT","0.00339813","-25"
"XCP","BTC","TREX","1506297600","0.00265248","14","0.00046256","33.32","0.09","SHORT","0.00357759","-25"
"XMR","BTC","POLO","1506297600","0.02376695","325","0.00237428","6.50","0.16","SHORT","0.02851550","-25"
"XMR","BTC","TREX","1506297600","0.02389206","352","0.00330689","4.67","0.12","SHORT","0.03050583","-25"
"XPM","BTC","POLO","1506297600","0.00003408","5","0.00001185","1301.07","0.05","SHORT","0.00005777","-25"
"XVC","BTC","POLO","1506297600","0.00008284","5","0.00002280","676.20","0.06","SHORT","0.00012843","-25"
"DGD","ETH","TREX","1506384000","0.24531094","100","0.02890629","0.545201400","0.13374386792331600","SHORT","0.30312352","-25"
"GBYTE","BTC","TREX","1506384000","0.05631045","80","0.008185075","1.925425000","0.10842154819125000","SHORT","0.07268060","-25"
"GNO","BTC","TREX","1506384000","0.02371000","37","0.003792188","4.155846000","0.09853510866000000","SHORT","0.031294376","-25"
"MAID","BTC","POLO","1506384000","0.00012696","48","0.00001498594","1051.636000000","0.13351570656000000","SHORT","0.00015693188","-25"
"MAID","BTC","TREX","1506384000","0.00012626","41","0.00001617066","974.589200000","0.12305163239200000","SHORT","0.00015860132","-25"
"NEOS","BTC","POLO","1506384000","0.00076547","33","0.000142771","110.384800000","0.08449625285600000","SHORT","0.001051012","-25"
"NEOS","BTC","TREX","1506384000","0.00075512","27","0.0001462718","107.742900000","0.08135881864800000","SHORT","0.0010476636","-25"
"NMR","BTC","TREX","1506384000","0.00383000","32","0.0009855795","15.990340000","0.06124300220000000","SHORT","0.005801159","-25"
"NMR","ETH","TREX","1506384000","0.05266176","51","0.01205348","1.307485000","0.06885446127360000","SHORT","0.07676872","-25"
"PART","BTC","TREX","1506384000","0.00182501","118","0.0002872269","54.868640000","0.10013581668640000","SHORT","0.0023994638","-25"
"UBQ","BTC","TREX","1506384000","0.00039450","93","0.000074065","212.782700000","0.08394277515000000","SHORT","0.000542630","-25"
"XCP","BTC","POLO","1506384000","0.00255174","16","0.0003670132","42.940550000","0.10957311905700000","SHORT","0.0032857664","-25"
"XCP","BTC","TREX","1506384000","0.00255000","24","0.0004476809","35.203090000","0.08976787950000000","SHORT","0.0034453618","-25"
"XVC","BTC","POLO","1506384000","0.00008666","11","0.00002193976","718.319200000","0.06224954187200000","SHORT","0.00013053952","-25"
"BCC","BTC","TREX","1506470400","0.11307900","1174","0.01823853","0.817096000","0.09239639858400000","SHORT","0.14955606","-25"
"BCH","BTC","POLO","1506470400","0.1128341","365","0.0213641","0.697554800","0.0787079680586800","SHORT","0.1555623","-25"
"GNO","BTC","TREX","1506470400","0.02370008","23","0.003670016","4.060644000","0.09623758765152000","SHORT","0.031040112","-25"
"MAID","BTC","POLO","1506470400","0.00012485","23","0.00001438904","1035.693000000","0.12930627105000000","SHORT","0.00015362808","-25"
"MAID","BTC","TREX","1506470400","0.00012411","46","0.00001558312","956.331600000","0.11869031487600000","SHORT","0.00015527624","-25"
"NEOS","BTC","POLO","1506470400","0.00074392","9","0.0001368202","108.921300000","0.08102873349600000","SHORT","0.0010175604","-25"
"NEOS","BTC","TREX","1506470400","0.00074416","16","0.0001408482","105.806300000","0.07873681620800000","SHORT","0.0010258564","-25"
"NMC","BTC","POLO","1506470400","0.0003243","8","0.00004868716","306.089500000","0.0992648248500000","SHORT","0.00042167432","-25"
"NMR","BTC","TREX","1506470400","0.00374100","31","0.0009507175","15.675140000","0.05864069874000000","SHORT","0.005642435","-25"
"NMR","ETH","TREX","1506470400","0.05017207","61","0.01167982","1.275930000","0.06401604927510000","SHORT","0.07353171","-25"
"PART","BTC","TREX","1506470400","0.00181133","62","0.0002803310","53.160830000","0.09629180620390000","SHORT","0.0023719920","-25"
"XCP","BTC","POLO","1506470400","0.00254","18","0.0003557478","41.891000000","0.10640314000000","SHORT","0.0032514956","-25"
"XCP","BTC","TREX","1506470400","0.00253151","23","0.0004301088","34.648510000","0.08771304955010000","SHORT","0.0033917276","-25"
"XPM","BTC","POLO","1506470400","0.00003349","4","0.00001085795","1372.509000000","0.04596532641000000","SHORT","0.00005520590","-25"
"XVC","BTC","POLO","1506470400","0.00008194","3","0.00002111181","705.890700000","0.05784068395800000","SHORT","0.00012416362","-25"
"BCC","BTC","TREX","1506553200","0.11039800","1667","0.01832103","1.03038700","0.11375267","SHORT","0.14704006","-25"
"BCH","BTC","POLO","1506553200","0.11011043","740","0.02143360","0.88075500","0.09698032","SHORT","0.15297763","-25"
"DGD","ETH","TREX","1506553200","0.23941904","152","0.02901529","0.65061390","0.15576936","SHORT","0.29744962","-25"
"MAID","BTC","POLO","1506553200","0.00012293","72","0.00001459","1294.72200000","0.15916018","SHORT","0.00015210","-25"
"MAID","BTC","TREX","1506553200","0.00012448","49","0.00001568","1204.42800000","0.14992720","SHORT","0.00015583","-25"
"NEOS","BTC","POLO","1506553200","0.00071885","26","0.00013885","135.96750000","0.09774024","SHORT","0.00099654","-25"
"NEOS","BTC","TREX","1506553200","0.00072064","16","0.00014203","132.91600000","0.09578459","SHORT","0.00100470","-25"
"NMR","ETH","TREX","1506553200","0.05240143","82","0.01189580","1.58692600","0.08315720","SHORT","0.07619303","-25"
"NXS","BTC","TREX","1506553200","0.00047760","272","0.00010418","181.21850000","0.08654996","SHORT","0.00068595","-25"
"POT","BTC","POLO","1506553200","0.00001891","8","0.00000255","7409.37400000","0.14011127","SHORT","0.00002401","-25"
"POT","BTC","TREX","1506553200","0.00001883","26","0.00000265","7147.99300000","0.13459671","SHORT","0.00002412","-25"
"WINGS","BTC","TREX","1506553200","0.00014195","75","0.00002025","932.37180000","0.13235018","SHORT","0.00018245","-25"
"WINGS","ETH","TREX","1506553200","0.00194100","41","0.00028274","66.76923000","0.12959908","SHORT","0.00250647","-25"
"XCP","BTC","POLO","1506553200","0.00243669","35","0.00035872","52.62622000","0.12823379","SHORT","0.00315412","-25"
"XCP","BTC","TREX","1506553200","0.00245000","29","0.00043488","43.40976000","0.10635392","SHORT","0.00331975","-25"
"XVC","BTC","POLO","1506553200","0.00007999","7","0.00002122","890.00610000","0.07119159","SHORT","0.00012242","-25"
"BCC","BTC","TREX","1506639600","0.10808147","1825","0.01777169","1.05205900","0.11370809","SHORT","0.14362485","-25"
"BCH","BTC","POLO","1506639600","0.10802966","577","0.02063916","0.90589250","0.09786326","SHORT","0.14930798","-25"
"BCY","BTC","TREX","1506639600","0.00008900","18","0.00001521","1229.51700000","0.10942702","SHORT","0.00011942","-25"
"MAID","BTC","TREX","1506639600","0.00012164","55","0.00001519","1230.95200000","0.14973301","SHORT","0.00015202","-25"
"MONA","BTC","TREX","1506639600","0.00010608","10","0.00001257","1488.37100000","0.15788640","SHORT","0.00013121","-25"
"MYST","BTC","TREX","1506639600","0.00020067","110","0.00004342","430.65060000","0.08641866","SHORT","0.00028751","-25"
"MYST","ETH","TREX","1506639600","0.00272159","100","0.00062844","29.75163000","0.08097174","SHORT","0.00397846","-25"
"NMC","BTC","POLO","1506639600","0.00032","4","0.00004728","395.50040000","0.12656013","SHORT","0.00041455","-25"
"NMR","BTC","TREX","1506639600","0.00366492","55","0.00094554","19.77388000","0.07246969","SHORT","0.00555599","-25"
"NMR","ETH","TREX","1506639600","0.05035796","77","0.01174601","1.59176300","0.08015794","SHORT","0.07384998","-25"
"NXS","BTC","TREX","1506639600","0.00046808","288","0.00010315","181.27370000","0.08485060","SHORT","0.00067437","-25"
"OMNI","BTC","POLO","1506639600","0.00621861","6","0.00103226","18.11264000","0.11263545","SHORT","0.00828312","-25"
"OMNI","BTC","TREX","1506639600","0.00627365","7","0.00100635","18.57890000","0.11655752","SHORT","0.00828635","-25"
"PPC","BTC","POLO","1506639600","0.00031461","19","0.00004756","393.16650000","0.12369412","SHORT","0.00040972","-25"
"PPC","BTC","TREX","1506639600","0.00031573","25","0.00005195","359.95750000","0.11364939","SHORT","0.00041962","-25"
"XCP","BTC","POLO","1506639600","0.00235953","28","0.00034986","53.44125000","0.12609624","SHORT","0.00305925","-25"
"XCP","BTC","TREX","1506639600","0.00238338","40","0.00042605","43.88510000","0.10459487","SHORT","0.00323547","-25"
"XMR","BTC","POLO","1506639600","0.02330012","639","0.00218775","8.54617500","0.19912691","SHORT","0.02767562","-25"
"XMR","BTC","TREX","1506639600","0.02333333","585","0.00302402","6.18278700","0.14426501","SHORT","0.02938137","-25"
"XVC","BTC","POLO","1506639600","0.00007846","11","0.00002057","909.20700000","0.07133639","SHORT","0.00011959","-25"
"BCC","BTC","TREX","1506726000","0.10579882","3085","0.01753310","1.02769400","0.10872882","SHORT","0.14086502","-25"
"BCH","BTC","POLO","1506726000","0.10611","307","0.01982131","0.90905550","0.09645988","SHORT","0.14575262","-25"
"BCN","BTC","POLO","1506726000","0.00000032","45","0.00000006","350735.90000000","0.11223549","SHORT","0.00000043","-25"
"BCY","BTC","POLO","1506726000","0.00008409","10","0.00001195","1508.39800000","0.12684119","SHORT","0.00010799","-25"
"BCY","BTC","TREX","1506726000","0.00008392","13","0.00001489","1210.49800000","0.10158500","SHORT","0.00011370","-25"
"BURST","BTC","POLO","1506726000","0.00000205","24","0.00000034","53626.36000000","0.10993404","SHORT","0.00000273","-25"
"EMC","BTC","TREX","1506726000","0.00015181","21","0.00004564","394.85080000","0.05994230","SHORT","0.00024308","-25"
"EXP","BTC","POLO","1506726000","0.00055459","8","0.00008436","213.60950000","0.11846570","SHORT","0.00072330","-25"
"EXP","BTC","TREX","1506726000","0.00055347","56","0.00010907","165.20830000","0.09143784","SHORT","0.00077161","-25"
"FCT","BTC","TREX","1506726000","0.00438099","86","0.00058871","30.60746000","0.13409098","SHORT","0.00555840","-25"
"GBYTE","BTC","TREX","1506726000","0.05608883","48","0.00782070","2.30397200","0.12922710","SHORT","0.07173023","-25"
"GNT","BTC","POLO","1506726000","0.00006301","40","0.00000816","2210.51000000","0.13928424","SHORT","0.00007932","-25"
"GNT","BTC","TREX","1506726000","0.00006339","138","0.00000777","2319.17400000","0.14701244","SHORT","0.00007893","-25"
"GOLOS","BTC","TREX","1506726000","0.00002334","6","0.00000343","5255.17200000","0.12265572","SHORT","0.00003020","-25"
"LTC","BTC","POLO","1506726000","0.0127434","893","0.00115871","15.55066000","0.19816829","SHORT","0.01506082","-25"
"LTC","BTC","TREX","1506726000","0.01275300","948","0.00123073","14.64066000","0.18671234","SHORT","0.01521446","-25"
"MAID","BTC","POLO","1506726000","0.00011116","133","0.00001416","1273.07600000","0.14151513","SHORT","0.00013947","-25"
"MAID","BTC","TREX","1506726000","0.00011190","138","0.00001535","1174.50500000","0.13142711","SHORT","0.00014259","-25"
"MTL","BTC","TREX","1506726000","0.00210459","294","0.00031731","56.78645000","0.11951220","SHORT","0.00273921","-25"
"NAUT","BTC","POLO","1506726000","0.00003253","1","0.00000455","3965.24000000","0.12898926","SHORT","0.00004162","-25"
"NEOS","BTC","POLO","1506726000","0.00071174","8","0.00013101","137.54230000","0.09789436","SHORT","0.00097375","-25"
"NMR","BTC","TREX","1506726000","0.00353256","28","0.00091223","19.75244000","0.06977668","SHORT","0.00535701","-25"
"NMR","ETH","TREX","1506726000","0.04963677","21","0.01129898","1.59471700","0.07915661","SHORT","0.07223473","-25"
"NXS","BTC","TREX","1506726000","0.00042001","263","0.00010149","177.54310000","0.07456988","SHORT","0.00062299","-25"
"OMNI","BTC","POLO","1506726000","0.00619332","3","0.00099220","18.16045000","0.11247348","SHORT","0.00817771","-25"
"OMNI","BTC","TREX","1506726000","0.00618000","4","0.00097260","18.52640000","0.11449316","SHORT","0.00812519","-25"
"POT","BTC","POLO","1506726000","0.00001876","5","0.00000238","7579.31500000","0.14218795","SHORT","0.00002352","-25"
"POT","BTC","TREX","1506726000","0.00001855","14","0.00000248","7268.48300000","0.13483036","SHORT","0.00002351","-25"
"PPC","BTC","POLO","1506726000","0.00030614","3","0.00004576","393.80680000","0.12056002","SHORT","0.00039766","-25"
"PPC","BTC","TREX","1506726000","0.00030461","10","0.00005010","359.65950000","0.10955589","SHORT","0.00040481","-25"
"SC","BTC","TREX","1506726000","0.00000115","292","0.00000018","101297.90000000","0.11649259","SHORT","0.00000151","-25"
"SEQ","BTC","TREX","1506726000","0.00003154","23","0.00000494","3648.93100000","0.11508729","SHORT","0.00004142","-25"
"WINGS","BTC","TREX","1506726000","0.00014050","54","0.00001926","935.93220000","0.13149848","SHORT","0.00017901","-25"
"XCP","BTC","POLO","1506726000","0.00231394","12","0.00034257","52.59900000","0.12171094","SHORT","0.00299908","-25"
"XCP","BTC","TREX","1506726000","0.00234554","34","0.00041842","43.06384000","0.10100796","SHORT","0.00318238","-25"
"XMR","BTC","POLO","1506726000","0.02231405","455","0.00214866","8.38603100","0.18712632","SHORT","0.02661136","-25"
"XMR","BTC","TREX","1506726000","0.02230280","338","0.00294739","6.11344500","0.13634695","SHORT","0.02819757","-25"
"XMR","ETH","TREX","1506726000","0.31500000","611","0.03943721","0.45689520","0.14392199","SHORT","0.39387442","-25"
"XRP","BTC","POLO","1506726000","0.00004699","1109","0.00000442","4083.07000000","0.19186346","SHORT","0.00005582","-25"
"XVC","BTC","POLO","1506726000","0.00007583","2","0.00001974","912.82300000","0.06921937","SHORT","0.00011531","-25"
"FUN","BTC","TREX","1506898800","0.00000745","2378700","0.00000088","18722.97000000","0.13948613","LONG","0.00000571","25"
"GAS","BTC","POLO","1506898800","0.00717585","2713849","0.01168040","1.39628600","0.01001954","LONG","-0.01618495","25"
"MUE","BTC","TREX","1506898800","0.00004201","1907365","0.00000552","2954.92500000","0.12413640","LONG","0.00003098","25"
"NEO","BTC","TREX","1506898800","0.00812500","21725460","0.00096715","16.86320000","0.13701350","LONG","0.00619071","25"
"NEO","ETH","TREX","1506898800","0.11765000","1602992","0.01322685","1.23303600","0.14506669","LONG","0.09119630","25"
"NEO","USDT","TREX","1506898800","35.70000000","7876068","4.83399000","0.00337386","0.12044663","LONG","26.03202000","25"
"TKN","BTC","TREX","1506898800","0.00045604","1722355","0.00006153","265.09050000","0.12089188","LONG","0.00033300","25"
"BTC","USDT","POLO","1506898800","4405.59999976","12914927","272.27350000","0.00005990","0.26389544","LONG","3861.05299976","11"
"BTC","USDT","TREX","1506898800","4405.00000000","16302188","299.02150000","0.00005455","0.24025751","LONG","3806.95700000","11"
"DGB","BTC","POLO","1506898800","0.00000411","7163505","0.00000037","44838.88000000","0.18428780","LONG","0.00000339","11"
"DGB","BTC","TREX","1506898800","0.00000409","17311650","0.00000039","41822.03000000","0.17105211","LONG","0.00000332","11"
"FUN","BTC","TREX","1506898800","0.00000745","2378700","0.00000088","18722.97000000","0.13948613","LONG","0.00000571","11"
"GAS","BTC","POLO","1506898800","0.00717585","2713849","0.01168040","1.39628600","0.01001954","LONG","-0.01618495","11"
"KMD","BTC","TREX","1506898800","0.00054645","3761870","0.00006673","244.40630000","0.13355583","LONG","0.00041300","11"
"MUE","BTC","TREX","1506898800","0.00004201","1907365","0.00000552","2954.92500000","0.12413640","LONG","0.00003098","11"
"NEO","BTC","TREX","1506898800","0.00812500","21725460","0.00096715","16.86320000","0.13701350","LONG","0.00619071","11"
"NEO","ETH","TREX","1506898800","0.11765000","1602992","0.01322685","1.23303600","0.14506669","LONG","0.09119630","11"
"NEO","USDT","TREX","1506898800","35.70000000","7876068","4.83399000","0.00337386","0.12044663","LONG","26.03202000","11"
"QTUM","BTC","TREX","1506898800","0.00283298","17637620","0.00033842","48.19288000","0.13652947","LONG","0.00215616","11"
"QTUM","ETH","TREX","1506898800","0.04090555","1641600","0.00458527","3.55686400","0.14549548","LONG","0.03173501","11"
"SNT","BTC","TREX","1506898800","0.00000716","1246615","0.00000088","18543.15000000","0.13276896","LONG","0.00000541","11"
"TKN","BTC","TREX","1506898800","0.00045604","1722355","0.00006153","265.09050000","0.12089188","LONG","0.00033300","11"
"GAS","BTC","POLO","1506898800","0.00717585","2713849","0.01168040","1.39628600","0.01001954","LONG","-0.01618495","55"
"BCC","BTC","TREX","1506898800","0.09513302","8990605","0.00988500","1.64989300","0.15695931","SHORT","0.11490301","25"
"BCH","BTC","POLO","1506898800","0.09526476","4590635","0.00843699","1.93305800","0.18415231","SHORT","0.11213873","25"
"BTS","BTC","POLO","1506898800","0.00001886","1458253","0.00000219","7471.51100000","0.14091270","SHORT","0.00002323","25"
"BTS","BTC","TREX","1506898800","0.00001876","1242210","0.00000226","7220.20500000","0.13545105","SHORT","0.00002328","25"
"DASH","BTC","POLO","1506898800","0.07219983","2616926","0.00537806","3.03254100","0.21894895","SHORT","0.08295595","25"
"LSK","BTC","POLO","1506898800","0.00126415","1317274","0.00012937","126.07350000","0.15937582","SHORT","0.00152288","25"
"LSK","BTC","TREX","1506898800","0.00125336","3713415","0.00013673","119.28050000","0.14950141","SHORT","0.00152682","25"
"LTC","BTC","POLO","1506898800","0.01245405","4220564","0.00071074","22.94703000","0.28578346","SHORT","0.01387552","25"
"LTC","BTC","TREX","1506898800","0.01241809","2902895","0.00075378","21.63677000","0.26868736","SHORT","0.01392564","25"
"OMG","BTC","TREX","1506898800","0.00222622","7708750","0.00025018","65.19059000","0.14512860","SHORT","0.00272658","25"
"STRAT","BTC","POLO","1506898800","0.00094399","1537554","0.00010796","151.06760000","0.14260631","SHORT","0.00115991","25"
"STRAT","BTC","TREX","1506898800","0.00094618","4995270","0.00011289","144.47820000","0.13670239","SHORT","0.00117195","25"
"XMR","BTC","POLO","1506898800","0.02128574","2026575","0.00139486","11.69241000","0.24888160","SHORT","0.02407545","25"
"XMR","BTC","TREX","1506898800","0.02127870","1180540","0.00153860","10.60008000","0.22555593","SHORT","0.02435589","25"
"BCC","BTC","TREX","1506898800","0.09513302","8990605","0.00988500","1.64989300","0.15695931","SHORT","0.11490301","11"
"BCH","BTC","POLO","1506898800","0.09526476","4590635","0.00843699","1.93305800","0.18415231","SHORT","0.11213873","11"
"BTS","BTC","POLO","1506898800","0.00001886","1458253","0.00000219","7471.51100000","0.14091270","SHORT","0.00002323","11"
"BTS","BTC","TREX","1506898800","0.00001876","1242210","0.00000226","7220.20500000","0.13545105","SHORT","0.00002328","11"
"DASH","BTC","POLO","1506898800","0.07219983","2616926","0.00537806","3.03254100","0.21894895","SHORT","0.08295595","11"
"EDG","BTC","TREX","1506898800","0.00016394","2039515","0.00004197","388.65090000","0.06371543","SHORT","0.00024787","11"
"ETH","BTC","POLO","1506898800","0.069099","9216515","0.00257775","6.32690800","0.43718302","SHORT","0.07425450","11"
"ETH","BTC","TREX","1506898800","0.06911000","10479495","0.00278410","5.85798500","0.40484535","SHORT","0.07467819","11"
"LSK","BTC","POLO","1506898800","0.00126415","1317274","0.00012937","126.07350000","0.15937582","SHORT","0.00152288","11"
"LSK","BTC","TREX","1506898800","0.00125336","3713415","0.00013673","119.28050000","0.14950141","SHORT","0.00152682","11"
"LTC","BTC","POLO","1506898800","0.01245405","4220564","0.00071074","22.94703000","0.28578346","SHORT","0.01387552","11"
"LTC","BTC","TREX","1506898800","0.01241809","2902895","0.00075378","21.63677000","0.26868736","SHORT","0.01392564","11"
"MCO","BTC","TREX","1506898800","0.00186799","1713545","0.00032710","49.86038000","0.09313870","SHORT","0.00252219","11"
"OK","BTC","TREX","1506898800","0.00006576","1607825","0.00001942","839.96110000","0.05523585","SHORT","0.00010460","11"
"OMG","BTC","TREX","1506898800","0.00222622","7708750","0.00025018","65.19059000","0.14512860","SHORT","0.00272658","11"
"STRAT","BTC","POLO","1506898800","0.00094399","1537554","0.00010796","151.06760000","0.14260631","SHORT","0.00115991","11"
"STRAT","BTC","TREX","1506898800","0.00094618","4995270","0.00011289","144.47820000","0.13670239","SHORT","0.00117195","11"
"TRIG","BTC","TREX","1506898800","0.00021600","1356740","0.00006810","239.51180000","0.05173455","SHORT","0.00035219","11"
"XMR","BTC","POLO","1506898800","0.02128574","2026575","0.00139486","11.69241000","0.24888160","SHORT","0.02407545","11"
"XMR","BTC","TREX","1506898800","0.02127870","1180540","0.00153860","10.60008000","0.22555593","SHORT","0.02435589","11"
"BCC","BTC","TREX","1506898800","0.09513302","8990605","0.00988500","1.64989300","0.15695931","SHORT","0.11490301","55"
"BTS","BTC","POLO","1506898800","0.00001886","1458253","0.00000219","7471.51100000","0.14091270","SHORT","0.00002323","55"
"BTS","BTC","TREX","1506898800","0.00001876","1242210","0.00000226","7220.20500000","0.13545105","SHORT","0.00002328","55"
"OMG","BTC","TREX","1506898800","0.00222622","7708750","0.00025018","65.19059000","0.14512860","SHORT","0.00272658","55"
"STRAT","BTC","POLO","1506898800","0.00094399","1537554","0.00010796","151.06760000","0.14260631","SHORT","0.00115991","55"
"STRAT","BTC","TREX","1506898800","0.00094618","4995270","0.00011289","144.47820000","0.13670239","SHORT","0.00117195","55"
"1ST","BTC","TREX","1506931200","0.00011493","1332893","0.00001727","938.52110000","0.10786424","LONG","0.00008041","25"
"1ST","BTC","TREX","1506931200","0.00011493","1332893","0.00001727","938.52110000","0.10786424","LONG","0.00008041","11"
"QTUM","BTC","TREX","1506931200","0.00284594","17622353","0.00040124","40.38358000","0.11492925","LONG","0.00204347","11"
"QTUM","ETH","TREX","1506931200","0.04149900","1634855","0.00537032","3.01720800","0.12521112","LONG","0.03075836","11"
"ZCL","BTC","TREX","1506931200","0.00051477","1319697","0.00011361","142.62300000","0.07341805","LONG","0.00028756","11"
"OMG","BTC","TREX","1506931200","0.00219250","7724626","0.00026662","60.77510000","0.13324941","SHORT","0.00272573","55"
"STRAT","BTC","TREX","1506931200","0.00090784","5269990","0.00013053","124.13770000","0.11269717","SHORT","0.00116890","55"
"LSK","BTC","TREX","1506931200","0.00124837","3717146","0.00017038","95.10482000","0.11872601","SHORT","0.00158912","25"
"LTC","BTC","TREX","1506931200","0.01239450","2982515","0.00099337","16.31153000","0.20217326","SHORT","0.01438124","25"
"MTL","BTC","TREX","1506931200","0.00209351","1939954","0.00028799","56.26475000","0.11779082","SHORT","0.00266948","25"
"OK","BTC","TREX","1506931200","0.00006282","1720005","0.00001984","816.72930000","0.05130694","SHORT","0.00010250","25"
"OMG","BTC","TREX","1506931200","0.00219250","7724626","0.00026662","60.77510000","0.13324941","SHORT","0.00272573","25"
"STRAT","BTC","TREX","1506931200","0.00090784","5269990","0.00013053","124.13770000","0.11269717","SHORT","0.00116890","25"
"TRIG","BTC","TREX","1506931200","0.00021065","1376883","0.00006988","231.89110000","0.04884787","SHORT","0.00035040","25"
"XMR","BTC","TREX","1506931200","0.02122240","1183328","0.00230068","7.04288900","0.14946701","SHORT","0.02582375","25"
"ARK","BTC","TREX","1506931200","0.00065819","2124712","0.00010444","155.15450000","0.10212115","SHORT","0.00086706","11"
"EDG","BTC","TREX","1506931200","0.00016235","1961949","0.00004041","401.00440000","0.06510307","SHORT","0.00024317","11"
"ETH","BTC","TREX","1506931200","0.06900000","10830313","0.00328121","4.93823900","0.34073850","SHORT","0.07556241","11"
"LSK","BTC","TREX","1506931200","0.00124837","3717146","0.00017038","95.10482000","0.11872601","SHORT","0.00158912","11"
"LTC","BTC","TREX","1506931200","0.01239450","2982515","0.00099337","16.31153000","0.20217326","SHORT","0.01438124","11"
"MCO","BTC","TREX","1506931200","0.00185201","1667217","0.00047931","33.80609000","0.06260922","SHORT","0.00281062","11"
"MTL","BTC","TREX","1506931200","0.00209351","1939954","0.00028799","56.26475000","0.11779082","SHORT","0.00266948","11"
"OK","BTC","TREX","1506931200","0.00006282","1720005","0.00001984","816.72930000","0.05130694","SHORT","0.00010250","11"
"OMG","BTC","TREX","1506931200","0.00219250","7724626","0.00026662","60.77510000","0.13324941","SHORT","0.00272573","11"
"RDD","BTC","TREX","1506931200","0.00000026","1253712","0.00000005","349675.50000000","0.09091563","SHORT","0.00000036","11"
"STRAT","BTC","TREX","1506931200","0.00090784","5269990","0.00013053","124.13770000","0.11269717","SHORT","0.00116890","11"
"TRIG","BTC","TREX","1506931200","0.00021065","1376883","0.00006988","231.89110000","0.04884787","SHORT","0.00035040","11"
"XMR","BTC","TREX","1506931200","0.02122240","1183328","0.00230068","7.04288900","0.14946701","SHORT","0.02582375","11"
"1ST","BTC","TREX","1506985200","0.00010530","6668620","0.00001781","897.19460000","0.09447460","LONG","0.00006970","25"
"FUN","BTC","TREX","1506985200","0.00000757","1590680","0.00000087","18530.23000000","0.14027385","LONG","0.00000585","25"
"NEO","BTC","TREX","1506985200","0.00836341","42458920","0.00098811","16.16388000","0.13518516","LONG","0.00638720","25"
"NEO","ETH","TREX","1506985200","0.12350000","3226755","0.01363894","1.17103500","0.14462283","LONG","0.09622212","25"
"NEO","USDT","TREX","1506985200","36.40000000","13813102","4.90183800","0.00325831","0.11860220","LONG","26.59632400","25"
"1ST","BTC","TREX","1506985200","0.00010530","6668620","0.00001781","897.19460000","0.09447460","LONG","0.00006970","11"
"FUN","BTC","TREX","1506985200","0.00000757","1590680","0.00000087","18530.23000000","0.14027385","LONG","0.00000585","11"
"NEO","BTC","TREX","1506985200","0.00836341","42458920","0.00098811","16.16388000","0.13518516","LONG","0.00638720","11"
"NEO","ETH","TREX","1506985200","0.12350000","3226755","0.01363894","1.17103500","0.14462283","LONG","0.09622212","11"
"NEO","USDT","TREX","1506985200","36.40000000","13813102","4.90183800","0.00325831","0.11860220","LONG","26.59632400","11"
"XVG","BTC","TREX","1506985200","0.00000165","6992000","0.00000019","86285.96000000","0.14237184","LONG","0.00000128","11"
"IOP","BTC","TREX","1507046400","0.00116033","3632992","0.00021464","73.75968000","0.08558557","LONG","0.00073106","55"
"FUN","BTC","TREX","1507046400","0.00000757","1142044","0.00000085","18828.73000000","0.14253349","LONG","0.00000589","25"
"IOP","BTC","TREX","1507046400","0.00116033","3632992","0.00021464","73.75968000","0.08558557","LONG","0.00073106","25"
"BAT","BTC","TREX","1507046400","0.00005950","1891914","0.00000588","2696.10000000","0.16041795","LONG","0.00004776","11"
"FUN","BTC","TREX","1507046400","0.00000757","1142044","0.00000085","18828.73000000","0.14253349","LONG","0.00000589","11"
"IOP","BTC","TREX","1507046400","0.00116033","3632992","0.00021464","73.75968000","0.08558557","LONG","0.00073106","11"
